{"cameraMode":{"drawMode":0,"name":"Shaded","section":"Shading Mode"},"sceneLighting":false,"audioPlay":false,"sceneViewState":{"showFog":true,"showMaterialUpdate":false,"showSkybox":false,"showFlares":true,"showImageEffects":true,"showParticleSystems":true},"in2DMode":false,"pivot":{"x":-0.3399953842163086,"y":0.8950000405311585,"z":42.929969787597659},"rotation":{"x":-0.032516997307538989,"y":0.9015781879425049,"z":-0.42588865756988528,"w":-0.06883110851049423},"size":1.032161831855774,"orthographic":false}