{"cameraMode":{"drawMode":0,"name":"Shaded","section":"Shading Mode"},"sceneLighting":true,"audioPlay":false,"sceneViewState":{"showFog":true,"showMaterialUpdate":true,"showSkybox":true,"showFlares":true,"showImageEffects":true,"showParticleSystems":true},"in2DMode":false,"pivot":{"x":-2.6812655925750734,"y":-7.910661220550537,"z":-48.93068313598633},"rotation":{"x":0.0023072834592312576,"y":-0.9946056604385376,"z":0.10119827836751938,"w":0.02267729863524437},"size":26.649621963500978,"orthographic":false}